Roll No,CPI,Attn Bonus,A30,A20,B30,B20,C30,C20,D30,D20,E30,E20,F30,F20,S20,S80
1,9.82,14,30,19,30,20,30,20,30,20,30,20,30,20,20,80
2,9.62,14,29,19,29,20,29,20,29,20,29,20,29,20,20,77
3,9.55,18,26,15,25,17,26,18,26,18,26,18,26,18,18,72
4,9.52,18,25,14,26,18,26,18,26,18,26,18,26,18,18,72
5,9.42,17,27,16,25,17,28,19,27,18,30,20,30,20,19,76
6,9.41,13,30,18,30,20,28,19,30,20,30,20,30,20,20,80
7,9.36,18,25,15,24,17,25,18,25,18,25,18,25,18,18,70
8,9.33,18,24,14,25,18,25,18,25,18,25,18,25,18,18,70
9,9.27,17,20,11,24,16,22,15,20,14,24,16,26,18,16,64
10,9.27,10,26,15,24,16,20,14,30,20,27,18,26,18,17,68
11,9.25,17,23,13,22,15,24,16,30,20,30,20,30,20,18,72
12,9.25,17,30,19,30,20,29,20,30,20,27,18,30,20,20,80
13,9.23,17,26,16,24,17,27,19,26,18,29,20,29,20,19,73
14,9.22,13,29,18,29,20,27,19,29,20,29,20,29,20,20,77
15,9.16,17,24,14,24,16,25,17,25,17,25,17,25,17,17,72
16,9.15,17,30,18,29,20,30,20,30,20,30,20,30,20,20,79
17,9.09,15,28,16,30,20,30,20,30,20,28,19,30,20,19,76
18,9.09,17,30,18,30,20,28,19,30,20,30,20,30,20,20,80
19,9.08,17,20,11,24,16,22,15,20,14,24,16,25,18,16,62
20,9.08,10,25,15,24,16,20,14,29,20,26,18,25,18,17,66
21,9.07,17,23,13,22,15,24,16,29,20,29,20,29,20,18,70
22,9.07,17,29,19,29,20,28,20,29,20,26,18,29,20,20,77
23,8.98,17,30,18,30,20,30,20,30,20,30,20,30,20,20,79
24,8.98,17,24,14,24,16,24,17,24,17,24,17,24,17,17,70
25,8.97,17,29,18,28,20,29,20,29,20,29,20,29,20,20,76
26,8.96,15,25,14,30,20,24,16,30,20,23,16,27,18,18,72
27,8.91,15,27,16,29,20,29,20,29,20,27,19,29,20,19,73
27,8.91,15,27,16,29,20,29,20,29,20,27,19,29,20,19,73
28,8.91,17,29,18,29,20,27,19,29,20,29,20,29,20,20,77
29,8.86,16,28,16,24,16,25,17,24,16,27,18,25,17,17,69
30,8.86,16,26,15,22,15,24,16,24,16,24,16,24,16,16,65
31,8.84,13,27,18,27,18,27,18,27,18,27,18,27,18,18,72
32,8.82,16,21,12,18,12,30,20,30,20,30,20,26,18,18,72
33,8.81,16,29,17,30,20,28,19,30,20,30,20,30,20,20,80
34,8.8,17,29,18,29,20,29,20,29,20,29,20,29,20,20,76
35,8.79,16,30,18,30,20,30,20,30,20,30,20,30,20,20,79
36,8.78,15,24,14,29,20,24,16,29,20,23,16,26,18,18,70
37,8.77,16,29,17,25,17,30,20,30,20,30,20,30,20,20,79
38,8.76,10,19,10,18,12,23,16,28,19,26,18,23,16,15,60
39,8.75,16,22,12,22,15,24,16,24,16,27,18,25,17,16,70
40,8.75,16,24,14,24,16,28,19,28,19,28,19,28,19,18,72
41,8.73,16,24,14,24,16,27,18,27,18,27,18,27,18,18,72
42,8.73,16,27,16,25,17,26,18,25,17,30,20,27,18,18,72
43,8.68,16,27,16,24,16,24,17,24,16,26,18,24,17,17,67
44,8.68,16,25,15,22,15,24,16,24,16,24,16,24,16,16,63
45,8.66,16,26,15,26,18,26,18,26,18,28,19,27,18,18,72
46,8.64,16,21,12,18,12,29,20,29,20,29,20,25,18,18,70
47,8.63,16,28,17,29,20,27,19,29,20,29,20,29,20,20,77
48,8.63,16,22,12,21,14,26,18,26,18,24,16,24,16,16,72
49,8.61,16,29,18,29,20,29,20,29,20,29,20,29,20,20,76
50,8.6,17,24,14,23,16,24,17,24,17,24,17,24,17,17,65
51,8.59,16,28,17,24,17,29,20,29,20,29,20,29,20,20,76
52,8.58,10,19,10,18,12,23,16,27,19,25,18,23,16,15,58
53,8.58,16,22,12,22,15,23,16,23,16,24,16,24,16,16,70
54,8.58,16,22,12,22,15,24,16,24,16,26,18,24,17,16,68
55,8.58,16,24,14,24,16,27,19,27,19,27,19,27,19,18,70
56,8.57,17,23,13,24,17,24,17,24,17,24,17,24,17,17,65
57,8.56,16,30,18,21,14,26,18,26,18,28,19,28,19,18,72
58,8.56,15,21,12,25,17,23,16,30,20,28,19,26,18,17,68
59,8.56,16,24,14,24,16,26,18,26,18,26,18,26,18,18,70
60,8.56,16,26,16,24,17,25,18,24,17,29,20,26,18,18,70
61,8.52,16,25,14,20,14,24,16,19,13,24,16,24,16,16,64
62,8.49,16,25,15,25,18,25,18,25,18,27,19,26,18,18,70
63,8.48,16,25,15,23,16,26,18,25,17,27,18,27,18,18,69
64,8.47,15,26,15,22,15,27,18,30,20,26,18,27,18,18,72
65,8.47,12,27,17,27,18,26,18,27,18,27,18,27,18,18,72
66,8.46,16,22,12,21,14,25,18,25,18,24,16,24,16,16,70
67,8.44,16,16,10,18,12,20,14,17,12,23,16,22,15,13,65
68,8.44,14,20,11,21,14,20,14,25,17,25,17,23,16,15,60
69,8.41,16,17,10,24,16,24,16,24,16,23,16,23,16,15,65
70,8.41,16,22,12,22,15,23,16,23,16,24,16,24,16,16,68
71,8.4,11,22,12,28,19,18,12,26,18,23,16,24,16,16,64
72,8.39,14,23,13,27,18,23,16,29,20,21,14,25,17,17,68
73,8.39,16,29,18,21,14,25,18,25,18,27,19,27,19,18,70
74,8.39,15,21,12,24,17,23,16,29,20,27,19,25,18,17,66
75,8.37,16,19,10,23,16,23,16,26,18,26,18,26,18,16,65
76,8.35,16,25,14,19,13,25,17,23,16,26,18,29,20,17,72
77,8.35,16,24,14,20,14,24,16,19,13,24,16,24,16,16,62
78,8.34,16,18,10,22,15,20,14,18,13,22,15,24,17,15,58
79,8.34,9,24,14,22,15,18,13,27,18,25,17,24,17,16,62
80,8.34,16,26,15,27,18,30,20,30,20,30,20,30,20,20,79
81,8.34,14,21,12,19,13,20,14,24,16,20,14,21,14,14,56
82,8.33,16,21,12,20,14,22,15,27,18,27,18,27,18,17,65
83,8.33,16,27,18,27,18,27,18,27,18,25,17,27,18,18,72
84,8.3,15,25,15,22,15,26,18,29,20,25,18,26,18,18,70
85,8.27,16,16,10,18,12,20,14,17,12,23,16,22,15,13,63
86,8.27,14,20,11,21,14,20,14,24,17,24,17,23,16,15,58
87,8.26,9,17,10,18,12,16,11,16,11,21,14,18,12,12,48
88,8.25,15,24,14,19,13,21,14,25,17,25,17,25,17,16,65
89,8.24,16,22,13,22,15,23,16,23,16,23,16,23,16,16,65
90,8.24,16,17,10,24,16,24,16,24,16,23,16,23,16,15,63
91,8.24,16,27,17,27,18,27,18,27,18,27,18,27,18,18,72
92,8.23,11,22,12,27,19,18,12,25,18,23,16,24,16,16,62
93,8.22,14,23,13,26,18,23,16,28,20,21,14,24,17,17,66
94,8.22,15,24,14,23,16,24,16,24,16,26,18,27,18,17,72
95,8.2,16,19,10,23,16,23,16,25,18,25,18,25,18,16,63
96,8.2,15,22,12,19,13,19,13,18,12,18,12,22,15,14,68
97,8.18,16,24,14,19,13,24,17,23,16,25,18,28,20,17,70
98,8.18,14,26,15,27,18,27,18,27,18,26,18,27,18,18,69
99,8.18,16,27,17,27,18,26,18,27,18,27,18,27,18,18,72
100,8.18,15,30,18,30,20,30,20,30,20,30,20,30,20,20,79
101,8.18,15,17,10,18,12,21,14,16,11,24,16,24,16,14,60
102,8.17,16,25,15,26,18,29,20,29,20,29,20,29,20,20,76
103,8.17,14,21,12,19,13,20,14,24,16,20,14,21,14,14,54
104,8.14,12,20,11,20,14,16,11,23,16,20,14,20,14,14,56
105,8.12,15,23,13,24,16,24,16,22,15,24,16,24,16,16,64
106,8.12,15,24,14,17,12,24,16,24,16,28,19,24,16,16,65
107,8.09,9,17,10,18,12,16,11,16,11,21,14,18,12,12,47
108,8.09,15,24,14,19,13,21,14,24,17,24,17,24,17,16,63
109,8.08,16,27,17,27,18,27,18,27,18,27,18,27,18,18,72
110,8.06,14,23,13,27,18,22,15,27,18,21,15,25,17,17,65
111,8.06,15,18,10,17,12,23,16,22,15,23,16,23,16,14,65
112,8.06,15,24,14,23,16,24,16,24,16,25,18,26,18,17,70
113,8.05,15,24,14,22,15,22,15,24,16,24,16,23,16,16,65
114,8.05,15,27,16,25,17,26,18,26,18,29,20,26,18,18,72
115,8.04,15,29,17,25,17,28,19,28,19,30,20,29,20,19,76
116,8.04,15,22,12,19,13,19,13,18,12,18,12,22,15,14,66
117,8.02,15,16,10,26,18,24,16,25,17,20,14,23,16,15,60
118,8.02,15,29,18,29,20,29,20,29,20,29,20,29,20,20,76
119,8.02,15,17,10,18,12,21,14,16,11,24,16,24,16,14,58
120,7.99,15,23,13,23,16,22,15,30,20,24,16,25,17,16,64
121,7.98,15,25,14,21,14,23,16,23,16,26,18,25,17,16,68
122,7.98,15,24,14,20,14,22,15,21,14,25,17,25,17,16,69
123,7.98,12,20,11,20,14,16,11,23,16,20,14,20,14,14,54
124,7.97,15,26,15,22,15,23,16,22,15,25,17,23,16,16,63
125,7.97,15,24,14,20,14,22,15,22,15,22,15,22,15,15,59
126,7.96,15,23,13,24,16,24,16,22,15,24,16,24,16,16,62
127,7.96,15,24,14,17,12,24,16,24,16,27,19,24,16,16,63
128,7.94,15,19,11,17,11,27,18,27,18,27,18,24,17,17,65
129,7.93,15,27,16,27,18,26,18,27,18,27,18,27,18,18,72
130,7.91,15,27,17,27,18,27,18,27,18,27,18,27,18,18,72
131,7.91,15,17,12,5,10,13,10,2,10,13,10,14,10,12,55
132,7.9,15,18,10,17,12,23,16,22,15,23,16,23,16,14,63
133,7.89,15,27,16,23,16,27,18,27,18,27,18,27,18,18,72
134,7.89,15,27,16,18,12,25,17,28,19,28,19,28,19,18,72
135,7.89,15,24,14,22,15,22,15,24,16,24,16,23,16,16,63
136,7.89,15,26,16,24,17,25,18,25,18,28,20,25,18,18,70
137,7.88,9,18,9,17,11,21,15,26,18,24,17,21,15,14,54
138,7.88,15,28,17,24,17,27,19,27,19,29,20,28,20,19,73
139,7.88,15,20,11,20,14,22,15,22,15,25,17,23,16,15,63
140,7.88,15,22,13,22,15,26,18,26,18,26,18,26,18,17,65
141,7.86,15,16,10,25,18,24,16,24,17,20,14,23,16,15,58
142,7.86,15,22,13,22,15,25,17,25,17,25,17,25,17,17,65
143,7.86,15,25,15,23,16,24,17,23,16,27,18,25,17,17,65
144,7.85,15,20,11,20,14,23,16,22,15,23,16,22,15,15,70
145,7.85,13,17,10,24,16,21,14,25,17,22,15,22,15,15,60
146,7.83,15,23,13,23,16,22,15,29,20,24,16,24,17,16,62
147,7.83,15,17,10,16,11,16,11,7,10,17,12,18,12,11,55
148,7.82,15,24,14,21,14,23,16,23,16,25,18,24,17,16,66
149,7.82,15,24,14,20,14,22,15,21,14,24,17,24,17,16,67
150,7.79,15,24,14,24,17,24,17,24,17,26,18,25,17,17,65
151,7.77,15,20,11,19,13,24,17,24,17,22,15,22,15,15,65
152,7.75,15,17,12,5,10,13,10,2,10,13,10,14,10,12,53
153,7.75,15,21,12,16,11,25,17,29,20,25,17,24,16,16,64
154,7.73,15,26,16,18,12,24,17,27,19,27,19,27,19,18,70
155,7.72,15,20,11,20,14,21,15,21,15,22,15,22,15,15,63
156,7.72,14,26,15,21,14,26,18,21,14,27,18,24,16,17,68
157,7.7,15,27,17,19,13,24,17,24,17,26,18,26,18,17,65
158,7.7,14,19,11,23,16,21,15,27,18,26,18,24,17,16,62
159,7.7,14,27,16,25,17,25,17,25,17,26,18,24,16,17,65
160,7.7,14,13,10,12,10,13,10,6,10,12,10,16,11,12,55
161,7.69,15,20,11,20,14,23,16,22,15,23,16,22,15,15,68
162,7.69,13,17,10,24,16,21,14,24,17,22,15,22,15,15,58
163,7.69,14,18,10,17,12,24,16,18,12,23,16,24,16,14,62
164,7.69,11,20,11,30,20,28,19,28,19,26,18,27,18,18,72
165,7.67,15,17,10,16,11,16,11,7,10,17,12,18,12,11,53
166,7.67,15,23,13,18,13,22,15,18,12,22,15,22,15,15,58
167,7.66,14,18,10,23,16,19,13,24,16,24,16,24,16,15,74
168,7.62,14,24,14,20,14,25,17,27,18,24,17,25,17,17,65
169,7.6,15,15,9,17,11,18,13,16,11,21,15,20,14,12,59
170,7.6,13,18,10,19,13,18,13,23,16,23,16,21,15,14,54
171,7.6,15,21,12,16,11,24,17,28,20,24,17,24,16,16,62
172,7.57,15,16,9,22,15,22,15,22,15,21,15,21,15,14,59
173,7.57,14,25,15,21,14,25,18,21,14,26,18,24,16,17,66
174,7.56,10,20,11,26,18,17,11,24,17,21,15,22,15,15,58
175,7.55,13,21,12,25,17,21,15,27,18,19,13,23,16,16,62
176,7.55,14,26,16,24,17,24,17,24,17,25,18,24,16,17,63
177,7.55,14,13,10,12,10,13,10,6,10,12,10,16,11,12,53
178,7.54,14,18,10,17,12,24,16,18,12,23,16,24,16,14,60
179,7.54,11,20,11,29,20,27,19,27,19,25,18,26,18,18,70
180,7.53,15,18,9,21,15,21,15,24,17,24,17,24,17,15,59
181,7.53,14,21,12,17,12,19,13,18,12,21,14,19,13,13,65
182,7.53,14,24,14,17,12,24,16,24,16,24,16,25,17,16,65
183,7.52,15,23,13,18,12,23,16,21,15,24,17,27,18,16,65
184,7.51,14,18,10,23,16,19,13,24,16,24,16,24,16,15,72
185,7.51,15,24,14,25,17,27,18,27,18,27,18,27,18,18,72
186,7.51,13,19,11,18,12,18,13,22,15,18,13,19,13,13,51
187,7.5,14,13,10,12,10,12,10,12,10,12,10,12,10,12,65
188,7.49,14,20,11,21,14,23,16,23,16,24,16,23,16,15,72
189,7.47,14,21,12,21,14,21,14,20,14,21,14,21,14,14,69
190,7.47,10,20,11,20,14,17,12,21,14,20,14,20,14,13,52
191,7.47,14,19,10,20,14,20,14,23,16,20,14,21,14,14,56
192,7.43,9,16,9,17,11,15,10,15,10,19,13,17,11,11,44
193,7.43,14,23,13,17,12,19,13,18,12,22,15,19,13,14,62
194,7.43,14,22,13,18,12,19,13,23,16,23,16,23,16,15,59
195,7.42,14,20,11,22,15,24,16,16,11,25,17,24,16,15,65
196,7.42,14,23,13,20,14,20,14,20,14,22,15,23,16,15,64
197,7.4,14,22,13,21,15,22,15,22,15,24,17,25,17,16,65
198,7.38,14,20,11,18,12,18,12,17,11,17,11,20,14,13,62
199,7.38,14,21,12,17,12,19,13,18,12,21,14,19,13,13,63
200,7.38,14,24,14,17,12,24,16,24,16,24,16,24,17,16,63
201,7.36,14,27,17,27,18,27,18,27,18,27,18,27,18,18,72
202,7.36,14,16,9,17,11,19,13,15,10,22,15,22,15,13,54
203,7.35,14,23,13,16,11,16,11,16,11,20,14,17,12,12,65
204,7.35,14,13,10,12,10,12,10,12,10,12,10,12,10,12,63
205,7.34,14,20,11,21,14,23,16,23,16,24,16,23,16,15,70
206,7.33,11,18,10,18,13,15,10,21,15,18,13,18,13,13,51
207,7.32,14,21,12,21,14,21,14,20,14,21,14,21,14,14,67
208,7.32,10,20,11,20,14,17,12,21,14,20,14,20,14,13,50
209,7.32,14,19,10,20,14,20,14,23,16,20,14,21,14,14,54
210,7.32,14,21,12,20,14,16,11,16,11,22,15,23,16,14,65
211,7.31,14,21,12,22,15,22,15,20,14,22,15,22,15,15,58
212,7.31,14,22,13,16,11,22,15,22,15,26,18,22,15,15,59
213,7.28,14,23,13,17,12,19,13,18,12,22,15,19,13,14,60
214,7.28,12,18,10,23,16,21,14,26,18,24,16,23,16,15,60
215,7.27,14,20,11,22,15,24,16,16,11,24,17,24,16,15,63
216,7.27,14,23,13,20,14,20,14,20,14,22,15,23,16,15,62
217,7.26,14,16,10,26,18,12,10,22,15,16,11,19,13,13,52
218,7.25,14,17,9,16,11,21,15,20,14,21,15,21,15,13,59
219,7.25,14,22,13,20,14,20,14,22,15,22,15,21,15,15,59
220,7.25,14,25,15,23,16,24,17,24,17,27,18,24,17,17,65
221,7.24,14,27,16,23,16,26,18,26,18,27,18,27,18,18,69
222,7.23,14,18,10,22,15,17,12,21,14,21,14,21,14,14,67
223,7.22,14,15,9,24,17,22,15,23,16,18,13,21,15,14,54
224,7.21,15,22,12,19,13,21,14,27,18,19,13,22,15,14,56
225,7.2,14,23,13,16,11,16,11,16,11,20,14,17,12,12,63
226,7.2,13,17,10,18,12,17,12,16,11,18,12,18,12,12,64
227,7.19,14,21,12,21,15,20,14,27,18,22,15,23,16,15,58
228,7.18,14,23,13,19,13,21,15,21,15,24,17,23,16,15,62
229,7.18,14,22,13,18,13,20,14,19,13,23,16,23,16,15,63
230,7.17,14,21,12,20,14,16,11,16,11,22,15,23,16,14,63
231,7.13,12,18,10,23,16,21,14,25,18,24,16,23,16,15,58
232,7.12,14,16,11,5,9,12,9,2,9,12,9,13,9,11,50
233,7.11,14,16,10,25,18,12,10,22,15,16,11,19,13,13,50
234,7.1,14,25,15,17,11,23,16,26,18,26,18,26,18,17,65
235,7.09,14,18,10,22,15,17,12,21,14,21,14,21,14,14,65
236,7.07,15,22,12,19,13,21,14,26,18,19,13,22,15,14,54
237,7.07,14,18,10,18,13,21,15,20,14,21,15,20,14,14,63
238,7.07,12,16,9,22,15,19,13,23,16,20,14,20,14,14,54
239,7.06,13,17,10,18,12,17,12,16,11,18,12,18,12,12,62
240,7.05,14,16,9,15,10,15,10,7,9,16,11,17,11,10,50
241,7.02,13,17,12,12,10,12,10,12,10,13,10,16,11,10,60
242,6.98,14,19,11,15,10,23,16,27,18,23,16,22,15,15,58
243,6.95,13,24,14,19,13,24,17,19,13,25,17,22,15,16,62
244,6.93,13,25,15,23,16,23,16,23,16,24,17,22,15,16,59
245,6.93,13,12,9,11,9,12,9,6,9,11,9,15,10,11,50
246,6.92,13,17,9,16,11,22,15,17,11,21,15,22,15,13,56
247,6.92,10,18,10,27,18,26,18,26,18,24,17,25,17,17,65
248,6.91,13,23,13,19,13,19,13,20,14,20,14,21,14,14,63
249,6.89,13,17,9,21,15,18,12,22,15,22,15,22,15,14,67
250,6.88,13,17,12,12,10,12,10,12,10,13,10,16,11,10,58
251,6.85,13,20,11,17,12,17,12,16,11,19,13,23,16,13,65
252,6.78,13,19,11,16,11,18,12,17,11,19,13,18,12,12,59
253,6.78,13,22,13,16,11,22,15,22,15,22,15,23,16,15,59
254,6.77,13,23,13,19,13,19,13,20,14,20,14,21,14,14,61
255,6.75,13,12,9,11,9,11,9,11,9,11,9,11,9,11,59
256,6.74,13,18,10,19,13,21,15,21,15,22,15,21,15,14,65
257,6.73,13,17,10,16,11,16,11,6,10,23,16,17,12,11,65
258,6.72,13,19,11,19,13,19,13,18,13,19,13,19,13,13,63
259,6.72,9,18,10,18,13,16,11,19,13,18,13,18,13,12,47
260,6.72,13,18,9,18,13,18,13,21,15,18,13,19,13,13,51
261,6.71,13,20,11,17,12,17,12,16,11,19,13,23,16,13,63
262,6.69,13,21,12,16,11,18,12,17,11,20,14,18,12,13,56
263,6.68,13,18,10,20,14,22,15,15,10,23,16,22,15,14,59
264,6.68,13,21,12,18,13,18,13,18,13,20,14,21,15,14,58
265,6.62,13,21,12,15,10,15,10,15,10,18,13,16,11,11,59
266,6.6,13,17,10,16,11,16,11,6,10,23,16,17,12,11,63
267,6.59,13,19,11,18,13,15,10,15,10,20,14,21,15,13,59
268,6.55,11,17,9,21,15,19,13,24,17,22,15,21,15,14,54
269,6.53,13,15,9,24,17,11,9,20,14,15,10,18,12,12,47
270,6.51,13,17,9,20,14,16,11,19,13,19,13,19,13,13,61
271,6.49,14,20,11,18,12,19,13,25,17,18,12,20,14,13,51
272,6.48,12,16,9,17,11,16,11,15,10,17,11,17,11,11,58
273,6.47,16,16,10,16,11,16,11,19,13,18,12,17,12,12,48
274,6.42,15,21,12,20,14,19,13,23,16,23,16,22,15,15,60
275,6.36,10,19,10,16,11,19,13,20,14,18,12,19,13,12,48
276,6.36,12,16,10,21,14,18,12,25,17,21,14,21,14,14,56
277,6.34,16,16,10,16,11,16,11,19,13,18,12,17,12,12,47
278,6.32,12,16,11,11,9,11,9,11,9,12,9,15,10,9,54
279,6.29,15,21,12,20,14,19,13,23,16,23,16,22,15,15,58
280,6.23,10,19,10,16,11,19,13,20,14,18,12,19,13,12,47
281,6.23,12,16,10,21,14,18,12,24,17,21,14,21,14,14,54
282,6.22,12,21,12,18,12,18,12,18,13,18,13,19,13,13,57
283,6.17,12,18,10,16,11,16,11,15,10,18,12,21,15,12,59
284,6.06,12,16,9,15,10,15,10,6,9,21,15,16,11,10,59
285,6.04,14,27,16,26,18,22,15,30,20,24,16,26,18,17,68
286,5.94,12,22,15,16,11,15,10,22,15,18,12,19,13,13,52
287,5.92,14,26,16,25,18,22,15,29,20,24,16,25,18,17,66
288,5.84,11,18,10,16,11,19,13,18,12,19,13,19,13,13,69
289,5.82,15,15,9,15,10,15,10,18,12,17,11,16,11,11,44
290,5.82,12,22,15,16,11,15,10,22,15,18,12,19,13,13,50
291,5.78,14,19,11,18,13,18,12,21,15,21,15,20,14,14,54
292,5.72,9,18,9,15,10,18,12,18,13,17,11,18,12,11,44
293,5.72,11,15,9,19,13,17,11,23,16,19,13,19,13,13,51
294,5.72,11,18,10,16,11,19,13,18,12,19,13,19,13,13,67
295,5.71,12,13,10,12,10,15,10,19,13,16,11,15,10,11,44
296,5.6,12,13,10,12,10,15,10,19,13,16,11,15,10,11,43
297,5.53,14,18,10,16,11,16,11,25,17,21,14,20,14,13,52
298,5.46,16,17,10,20,14,17,12,20,14,17,12,19,13,13,52
299,5.44,13,25,15,24,17,20,14,27,18,22,15,24,17,16,62
300,5.42,14,18,10,16,11,16,11,24,17,21,14,20,14,13,50
301,5.35,16,17,10,20,14,17,12,20,14,17,12,19,13,13,50
302,5.35,11,20,14,15,10,14,9,20,14,17,11,18,12,12,47
303,5.31,10,16,10,16,11,9,10,6,10,17,12,19,13,10,50
304,5.26,10,17,9,15,10,18,12,17,11,18,12,18,12,12,63
305,5.2,10,16,10,16,11,9,10,6,10,17,12,19,13,10,48
306,5.14,11,12,9,11,9,14,9,18,12,15,10,14,9,10,40
307,5.12,9,4,10,2,10,3,10,16,11,3,10,12,10,10,40
308,5.02,9,4,10,2,10,3,10,16,11,3,10,12,10,10,39
309,4.98,13,17,9,15,10,15,10,23,16,19,13,18,13,12,47
310,4.91,15,16,9,18,13,16,11,18,13,16,11,18,12,12,47
311,4.83,9,12,10,12,10,3,10,1,10,12,10,8,10,15,60
312,4.78,9,15,9,15,10,9,9,6,9,16,11,18,12,9,45
313,4.73,9,12,10,12,10,3,10,1,10,12,10,8,10,15,58
314,4.61,9,4,9,2,9,3,9,15,10,3,9,11,9,9,36
315,4.35,9,11,9,11,9,3,9,12,9,11,9,8,9,14,54
316,4.31,8,0,10,0,10,0,10,12,10,0,10,0,10,10,50
317,4.22,8,0,10,0,10,0,10,19,10,0,10,0,10,10,48
318,4.2,8,1,10,4,10,12,10,19,10,15,10,5,10,12,50
319,4.13,8,7,10,5,10,5,10,11,10,6,10,6,10,4,40
320,4.12,8,1,10,4,10,12,10,18,10,15,10,5,10,12,48
321,4.05,8,7,10,5,10,5,10,20,10,6,10,6,10,4,39
322,3.88,8,0,9,0,9,0,9,20,9,0,9,0,9,9,45
323,3.78,8,1,9,4,9,11,9,18,9,14,9,5,9,11,45
324,3.72,8,7,9,5,9,5,9,12,9,6,9,6,9,4,36
325,3.67,7,7,10,9,10,ab,10,12,10,ab,10,ab,10,ab,40
326,3.6,7,7,10,9,10,8,10,11,10,12,10,12,10,11,39
327,3.5,14,ab,10,16,11,16,11,1,13,16,11,17,12,12,48
328,3.43,14,12,10,16,11,16,11,0,13,16,11,17,12,12,47
329,3.3,7,7,9,9,9,9,9,0,9,12,9,12,9,11,36
330,3.15,13,11,9,15,10,15,10,1,12,15,10,16,11,11,44
331,2.78,14,17,12,12,10,12,10,5,14,15,10,16,11,12,48
332,2.72,14,17,12,12,10,12,10,1,14,15,10,16,11,12,47
333,2.5,13,16,11,11,9,11,9,5,13,14,9,15,10,11,44
334,2.37,12,12,10,12,10,12,10,0,10,12,10,12,10,10,40
335,2.32,12,12,10,12,10,12,10,1,10,12,10,12,10,10,39
336,2.13,11,11,9,11,9,11,9,5,9,11,9,11,9,9,36
337,1.63,12,6,10,12,10,ab,10,ab,10,12,10,ab,10,10,40
338,1.6,12,6,10,12,10,10,10,8,10,12,10,8,10,10,39
339,1.47,11,6,9,11,9,7,9,8,9,11,9,8,9,9,35
